A_Blaski,Alice_Blaski
Adk,Adirondack
Alan_Hills,Allan_Hills
Arthur_C_Harmon,Arthur_C._Harmon
Arthurcharmon,Arthur_C._Harmon
Bb,Bread_Box
Bearisland,Bear_Island
Bellin_Gshausen,Bellingshausen
Bellyrock,Belly_Rock
B.hardy,Bennett_Hardy
Bens_Clod,Ben's_Clod
Bighole,Big_Hole
Boroughs,The_Boroughs
Breadbox,Bread_Box
Champange,Champagne
Clara_Zap,Clara_Zaph
Comanchespur,Comanche_Spur
Commanche,Comanche
Deadsea,Dead_Sea
E.hamilton,Edmond_Hamilton
East_Val_Ley,East_Valley
Eldorado,El_Dorado
Elieen_Dean,Eileen_Dean
Elizabeth_Emer,Elizabeth_Emery
Elizabethemery,Elizabeth_Emery
E_Mahon,Elizabeth_Mahon
Ev,Everett
Fredericbrown,Frederic_Brown
Fuzzysmith,Fuzzy_Smith
Gertrude_Weiss,Gertrude_Weise
Gertrudeweise,Gertrude_Weise
Gerturdeweise,Gertrude_Weise
Grahamland,Graham_Land
Greeneyes,Green_Eyes
G_Weise,Gertrude_Weise
Haskin,Haskin_Ridge
Haskin's_Ridge,Haskin_Ridge
Hell'sKittchen,Hell's_Kitchen
Hmp,Humphrey
Homeplate,Home_Plate
HumboldtPeak,Humboldt_Peak
Humphrey_Rat,Humphrey
Humphries,Humphrey
Humphry,Humphrey
Husband_Hills,Husband_Hill
Iby,Innocent_Bystander
I_Bystander,Innocent_Bystander
Jamescoolpappabell,Jamescoolpapabell
Jibbsheet,Jibsheet
Juneemerson,June_Emerson
Kc,Kenosha_Comets
Kenoshacomets,Kenosha_Comets
Kingegeorgeisland,King_George_Island
Kinggeorgeisland,King_George_Island
Kinggoergeisland,King_George_Island
Kinggeorge,King_George_Island
King_George,King_George_Island
Lahonton,Lahontan
Lands_End,Land's_End
Larrysbench,Larry's_Bench
Larrys_Lookout,Larry's_Lookout
Larrys_Outcrop,Larry's_Outcrop
Lorre,Lorre_Ridge
Lowridge,Low_Ridge
Masada,Masada_Clod
Maz,Mazatzal
M_Darwin,Mount_Darwin
Mehthuselah,Methuselah
Methuslah,Methuselah
Micheltree_Ridge,Mitcheltree_Ridge
Mitcheltree_Ridges,Mitcheltree_Ridge
Nancywarren,Nancy_Warren
Pasorobles,Paso_Robles
P.dick,Philip_K_Dick
Pearls,String_Of_Pearls
Pecanpie,Pecan_Pie
Pes_Apallo,Pesapallo
Pioneermound,Pioneer_Mound
Pog,Pot_Of_Gold
Polyhphemus_eye,Polyphemus_Eye
Pot_O_Gold,Pot_Of_Gold
Pot_O'_Gold,Pot_Of_Gold
Potofgold,Pot_Of_Gold
Pr,Paso_Robles
R66,Route_66
Route66,Route_66
Sanjuan,San_Juan
Stapleton,Stapledon
Texaschili,Texas_Chili
T_Nodules,Tyrone_Nodules
Tyrone_Nodules,Tyrone_Nodules
Tor_Quas,Torquas
Ulysess,Ulysses
V_Bell,Virginia_Bell
Vonbraun,Von_Braun
Wachtower,Watchtower
Winter_Haven,Winter_Haven
Winterhaven,Winter_Haven
Winterhaven2,Winter_Haven_2
