Ada,Ada_Crater
BI,Block_Island
Bernallio,Bernalillo
Boabab,Baobab
BounceRock,Bounce_Rock
Brian_Choice,Brian's_Choice
Burns,Burns_Formation
Burns_Fm,Burns_Formation
CY,Cape_York
Dells,Dells_Hi-Ho
Dogpark,Dog_Park
Donald_A_Hall,Donald_A._Hall
Endeavor_Crater,Endeavour_Crater
Endeavour,Endeavour_Crater
Endurance,Endurance_Crater
Espérance,Esperance
Fram,Fram_Crater
Fredripple,Fred_Ripple
Grasberg,Grasberg_Formation
Grasberg_Fm,Grasberg_Formation
HSR,Heat_Shield_Rock
Harold_M_Bixby,Harold_M._Bixby
Heat_Shield,Heat_Shield_Rock
Heat_Shield_Rock,Heat_Shield_Rock
Heatshiedlrock,Heat_Shield_Rock
Hematrench_1,Hema_Trench_1
Hematrench1,Hema_Trench_1
Hematrenchwall2,Hema_Trench_Wall_2
Jackrussell,Jack_Russell
Jack_Russel,Jack_Russell
Lemon-Rind,Lemon_Rind
MI,Mackinac_Island
MP,Meridiani_Planum
MR,Murray_Ridge
Marathon,Marathon_Valley
Matiejvic,Matijevic_Formation
Matijevic,Matijevic_Formation
Matijevic_Fm,Matijevic_Formation
Matijevic_Hills,Matijevic_Hill
Meridiani_Plaunum,Meridiani_Planum
Messila,Mesilla
Odyssey,Odyssey_Crater
PV,Perseverance_Valley
Perseverance,Perseverance_Valley
Realshark_Tooth,Real_Shark_Tooth
Ruiadh,Oileán_Ruiadh
SC,Santa_Catarina
SCF,Sergeant_Charles_Floyd
SI,Shelter_Island
SOSL,Spirit_of_St._Louis_Crater
SP,Solander_Point
Sgt_Charles_Floyd,Sergeant_Charles_Floyd
Sgt_Nathaniel_Pryor,Sergeant_Nathaniel_Prior
Shoemaker,Shoemaker_Formation
Shoemaker_Fm,Shoemaker_Formation
SoSL,Spirit_of_St._Louis_Crater
Spongebob_squidward,Heat_Shield_Rock
Stewart_Island,Stuart_Island
Tome,Tomé
Trenchwall_2,Hema_Trench_Wall_2
Victoria,Victoria_Crater
WR,Wdowiak_Ridge
